Boid0,9.513122,1.00072
Boid1,7.056989,1.00072
Boid2,9.846644,1.00072
Boid3,7.398935,1.00072
Boid4,8.321424,1.00072
Boid5,9.681396,1.00072
Boid6,8.844996,1.00072
Boid7,9.722584,1.00072
Boid8,9.313382,1.00072
Boid9,9.510642,1.00072
Boid10,10.68822,1.00072
Boid11,10.65752,1.00072
Boid12,10.43194,1.00072
Boid13,8.952603,1.00072
Boid14,8.761505,1.00072
Boid15,10.13282,1.00072
Boid16,11.01977,1.00072
Boid17,10.08749,1.00072
Boid18,9.720275,1.00072
Boid19,9.772533,1.00072
Boid0,8.141672,2.000865
Boid1,8.278422,2.000865
Boid2,9.499502,2.000865
Boid3,8.999099,2.000865
Boid4,8.787528,2.000865
Boid5,8.561415,2.000865
Boid6,9.263094,2.000865
Boid7,8.137861,2.000865
Boid8,8.702618,2.000865
Boid9,7.882866,2.000865
Boid10,10.21078,2.000865
Boid11,9.136931,2.000865
Boid12,10.38745,2.000865
Boid13,8.348515,2.000865
Boid14,9.380096,2.000865
Boid15,9.601788,2.000865
Boid16,10.06481,2.000865
Boid17,9.628982,2.000865
Boid18,9.569722,2.000865
Boid19,9.490194,2.000865
Boid0,11.92239,3.001829
Boid1,11.69689,3.001829
Boid2,11.1651,3.001829
Boid3,11.37767,3.001829
Boid4,11.6673,3.001829
Boid5,11.85209,3.001829
Boid6,11.76394,3.001829
Boid7,11.6894,3.001829
Boid8,12.01091,3.001829
Boid9,11.85274,3.001829
Boid10,11.09368,3.001829
Boid11,11.48418,3.001829
Boid12,11.42815,3.001829
Boid13,11.49438,3.001829
Boid14,9.380061,3.001829
Boid15,9.527265,3.001829
Boid16,12.13527,3.001829
Boid17,11.66986,3.001829
Boid18,9.648723,3.001829
Boid19,9.657787,3.001829
Boid0,14.87059,4.001901
Boid1,15.09342,4.001901
Boid2,15.20029,4.001901
Boid3,8.263672,4.001901
Boid4,15.28754,4.001901
Boid5,15.01863,4.001901
Boid6,15.25594,4.001901
Boid7,15.02232,4.001901
Boid8,14.87759,4.001901
Boid9,14.90203,4.001901
Boid10,15.216,4.001901
Boid11,15.18386,4.001901
Boid12,15.20809,4.001901
Boid13,15.18088,4.001901
Boid14,12.67218,4.001901
Boid15,12.52225,4.001901
Boid16,15.44552,4.001901
Boid17,15.35594,4.001901
Boid18,12.44228,4.001901
Boid19,12.44365,4.001901
Boid0,12.95653,5.003542
Boid1,13.55493,5.003542
Boid2,13.48051,5.003542
Boid3,7.709534,5.003542
Boid4,14.0462,5.003542
Boid5,12.82889,5.003542
Boid6,14.01176,5.003542
Boid7,13.15791,5.003542
Boid8,12.81394,5.003542
Boid9,13.2739,5.003542
Boid10,13.51031,5.003542
Boid11,12.93882,5.003542
Boid12,14.14774,5.003542
Boid13,13.45421,5.003542
Boid14,15.99331,5.003542
Boid15,15.92112,5.003542
Boid16,13.99368,5.003542
Boid17,13.83903,5.003542
Boid18,15.87622,5.003542
Boid19,15.88465,5.003542
Boid0,9.308342,6.004517
Boid1,7.838341,6.004517
Boid2,7.256158,6.004517
Boid3,3.624622,6.004517
Boid4,6.779148,6.004517
Boid5,9.21474,6.004517
Boid6,6.912477,6.004517
Boid7,8.650403,6.004517
Boid8,9.984401,6.004517
Boid9,8.819572,6.004517
Boid10,8.685666,6.004517
Boid11,8.489458,6.004517
Boid12,7.386528,6.004517
Boid13,7.730228,6.004517
Boid14,9.678007,6.004517
Boid15,10.9248,6.004517
Boid16,6.171715,6.004517
Boid17,6.94051,6.004517
Boid18,11.30874,6.004517
Boid19,9.851871,6.004517
Boid0,12.49976,7.006267
Boid1,10.21501,7.006267
Boid2,11.6641,7.006267
Boid3,11.2897,7.006267
Boid4,10.37948,7.006267
Boid5,12.58429,7.006267
Boid6,10.34738,7.006267
Boid7,12.42951,7.006267
Boid8,12.90039,7.006267
Boid9,12.2167,7.006267
Boid10,12.50871,7.006267
Boid11,12.51337,7.006267
Boid12,12.30337,7.006267
Boid13,11.37981,7.006267
Boid14,10.91383,7.006267
Boid15,11.71422,7.006267
Boid16,11.17615,7.006267
Boid17,10.7737,7.006267
Boid18,11.67489,7.006267
Boid19,11.75693,7.006267
Boid0,10.32011,8.006914
Boid1,9.063729,8.006914
Boid2,9.133285,8.006914
Boid3,9.127322,8.006914
Boid4,9.054717,8.006914
Boid5,10.41143,8.006914
Boid6,9.148735,8.006914
Boid7,10.18976,8.006914
Boid8,10.59712,8.006914
Boid9,9.012075,8.006914
Boid10,10.40703,8.006914
Boid11,10.37669,8.006914
Boid12,9.269982,8.006914
Boid13,8.787625,8.006914
Boid14,8.962428,8.006914
Boid15,9.048331,8.006914
Boid16,9.131404,8.006914
Boid17,8.924716,8.006914
Boid18,8.99241,8.006914
Boid19,9.04154,8.006914
Boid0,13.29658,9.00712
Boid1,13.27499,9.00712
Boid2,13.08314,9.00712
Boid3,13.77611,9.00712
Boid4,13.64034,9.00712
Boid5,12.57728,9.00712
Boid6,13.45151,9.00712
Boid7,13.30085,9.00712
Boid8,12.94366,9.00712
Boid9,13.1934,9.00712
Boid10,12.50984,9.00712
Boid11,12.83969,9.00712
Boid12,12.45686,9.00712
Boid13,13.57967,9.00712
Boid14,13.3586,9.00712
Boid15,13.3935,9.00712
Boid16,13.57238,9.00712
Boid17,13.17804,9.00712
Boid18,13.31488,9.00712
Boid19,13.24791,9.00712
Boid0,9.619753,10.00803
Boid1,10.77032,10.00803
Boid2,9.244229,10.00803
Boid3,10.69913,10.00803
Boid4,10.84957,10.00803
Boid5,9.657412,10.00803
Boid6,10.80775,10.00803
Boid7,9.476843,10.00803
Boid8,9.83995,10.00803
Boid9,9.560472,10.00803
Boid10,9.619833,10.00803
Boid11,9.854848,10.00803
Boid12,9.97578,10.00803
Boid13,10.62555,10.00803
Boid14,10.40904,10.00803
Boid15,10.74034,10.00803
Boid16,10.51835,10.00803
Boid17,10.60213,10.00803
Boid18,9.889672,10.00803
Boid19,9.786215,10.00803
Boid0,12.1553,11.00806
Boid1,12.9087,11.00806
Boid2,12.3084,11.00806
Boid3,12.30843,11.00806
Boid4,12.53776,11.00806
Boid5,12.28364,11.00806
Boid6,12.10393,11.00806
Boid7,12.10782,11.00806
Boid8,12.65177,11.00806
Boid9,12.15968,11.00806
Boid10,12.20114,11.00806
Boid11,11.98173,11.00806
Boid12,12.13643,11.00806
Boid13,12.83966,11.00806
Boid14,12.29416,11.00806
Boid15,11.896,11.00806
Boid16,11.76738,11.00806
Boid17,12.2026,11.00806
Boid18,11.78383,11.00806
Boid19,12.17914,11.00806
Boid0,13.47262,12.00855
Boid1,13.23143,12.00855
Boid2,12.84941,12.00855
Boid3,12.53404,12.00855
Boid4,12.91745,12.00855
Boid5,13.84993,12.00855
Boid6,12.93661,12.00855
Boid7,13.79403,12.00855
Boid8,14.07654,12.00855
Boid9,12.85568,12.00855
Boid10,13.67578,12.00855
Boid11,13.36919,12.00855
Boid12,13.09708,12.00855
Boid13,13.19656,12.00855
Boid14,12.80596,12.00855
Boid15,12.80288,12.00855
Boid16,12.84814,12.00855
Boid17,12.80421,12.00855
Boid18,12.61623,12.00855
Boid19,12.75889,12.00855
Boid0,12.22397,13.00941
Boid1,11.91108,13.00941
Boid2,12.71371,13.00941
Boid3,13.09055,13.00941
Boid4,11.76024,13.00941
Boid5,12.32851,13.00941
Boid6,11.54049,13.00941
Boid7,12.29354,13.00941
Boid8,12.43951,13.00941
Boid9,12.11501,13.00941
Boid10,12.50488,13.00941
Boid11,12.55323,13.00941
Boid12,12.36948,13.00941
Boid13,12.39725,13.00941
Boid14,12.01717,13.00941
Boid15,13.05842,13.00941
Boid16,12.38784,13.00941
Boid17,11.8804,13.00941
Boid18,12.49029,13.00941
Boid19,12.1417,13.00941
Boid0,12.22599,14.01031
Boid1,12.06263,14.01031
Boid2,12.29637,14.01031
Boid3,12.83693,14.01031
Boid4,12.78211,14.01031
Boid5,12.19326,14.01031
Boid6,12.58016,14.01031
Boid7,12.27349,14.01031
Boid8,12.04879,14.01031
Boid9,12.59201,14.01031
Boid10,12.09788,14.01031
Boid11,12.22722,14.01031
Boid12,12.39751,14.01031
Boid13,11.99565,14.01031
Boid14,12.85024,14.01031
Boid15,12.36984,14.01031
Boid16,12.72665,14.01031
Boid17,12.43621,14.01031
Boid18,12.7234,14.01031
Boid19,12.68668,14.01031
Boid0,10.77915,15.01166
Boid1,11.11787,15.01166
Boid2,11.30644,15.01166
Boid3,10.7069,15.01166
Boid4,11.0017,15.01166
Boid5,10.60785,15.01166
Boid6,11.38283,15.01166
Boid7,10.64694,15.01166
Boid8,10.77318,15.01166
Boid9,10.86889,15.01166
Boid10,10.7934,15.01166
Boid11,10.58486,15.01166
Boid12,10.49877,15.01166
Boid13,11.53091,15.01166
Boid14,10.85899,15.01166
Boid15,10.63208,15.01166
Boid16,11.10518,15.01166
Boid17,11.27521,15.01166
Boid18,11.36038,15.01166
Boid19,10.75348,15.01166
Boid0,11.66349,16.0229
Boid1,11.41699,16.0229
Boid2,11.74338,16.0229
Boid3,11.40716,16.0229
Boid4,12.00344,16.0229
Boid5,12.3489,16.0229
Boid6,11.79234,16.0229
Boid7,11.52243,16.0229
Boid8,12.13767,16.0229
Boid9,11.17633,16.0229
Boid10,12.32632,16.0229
Boid11,12.16581,16.0229
Boid12,12.2323,16.0229
Boid13,12.10324,16.0229
Boid14,11.33962,16.0229
Boid15,11.64006,16.0229
Boid16,11.50583,16.0229
Boid17,11.29985,16.0229
Boid18,11.29981,16.0229
Boid19,11.75137,16.0229
Boid0,10.89447,17.02739
Boid1,10.52148,17.02739
Boid2,11.18807,17.02739
Boid3,11.09927,17.02739
Boid4,10.29669,17.02739
Boid5,11.47636,17.02739
Boid6,10.15105,17.02739
Boid7,11.37079,17.02739
Boid8,11.01661,17.02739
Boid9,10.47174,17.02739
Boid10,10.96069,17.02739
Boid11,11.50285,17.02739
Boid12,11.29582,17.02739
Boid13,10.64173,17.02739
Boid14,10.23191,17.02739
Boid15,11.37921,17.02739
Boid16,10.73462,17.02739
Boid17,10.31022,17.02739
Boid18,10.55726,17.02739
Boid19,10.3838,17.02739
Boid0,12.24261,18.03113
Boid1,12.30053,18.03113
Boid2,12.69856,18.03113
Boid3,13.2704,18.03113
Boid4,12.86613,18.03113
Boid5,12.62758,18.03113
Boid6,12.59684,18.03113
Boid7,12.53541,18.03113
Boid8,12.32289,18.03113
Boid9,12.37518,18.03113
Boid10,12.65625,18.03113
Boid11,13.10505,18.03113
Boid12,13.51024,18.03113
Boid13,12.28531,18.03113
Boid14,12.84272,18.03113
Boid15,13.19772,18.03113
Boid16,13.1884,18.03113
Boid17,12.34163,18.03113
Boid18,12.82793,18.03113
Boid19,12.65924,18.03113
Boid0,12.22276,19.03425
Boid1,12.29361,19.03425
Boid2,11.93877,19.03425
Boid3,12.53818,19.03425
Boid4,12.25948,19.03425
Boid5,11.50931,19.03425
Boid6,12.74766,19.03425
Boid7,12.10917,19.03425
Boid8,12.10619,19.03425
Boid9,12.43247,19.03425
Boid10,12.13037,19.03425
Boid11,11.86038,19.03425
Boid12,11.56818,19.03425
Boid13,12.23262,19.03425
Boid14,12.28561,19.03425
Boid15,12.18277,19.03425
Boid16,12.57145,19.03425
Boid17,12.37193,19.03425
Boid18,11.84024,19.03425
Boid19,12.36275,19.03425
Boid0,9.606531,20.03953
Boid1,10.0454,20.03953
Boid2,9.669584,20.03953
Boid3,9.466885,20.03953
Boid4,9.955096,20.03953
Boid5,9.597985,20.03953
Boid6,10.07083,20.03953
Boid7,9.677833,20.03953
Boid8,9.842505,20.03953
Boid9,10.0109,20.03953
Boid10,10.0234,20.03953
Boid11,10.00101,20.03953
Boid12,9.957625,20.03953
Boid13,9.978725,20.03953
Boid14,9.830472,20.03953
Boid15,9.245794,20.03953
Boid16,9.697586,20.03953
Boid17,10.08798,20.03953
Boid18,9.26298,20.03953
Boid19,9.521122,20.03953
Boid0,12.67746,21.046
Boid1,12.56852,21.046
Boid2,13.32042,21.046
Boid3,12.6453,21.046
Boid4,12.03001,21.046
Boid5,13.01365,21.046
Boid6,12.17557,21.046
Boid7,12.73119,21.046
Boid8,12.55192,21.046
Boid9,12.20594,21.046
Boid10,12.89908,21.046
Boid11,12.73646,21.046
Boid12,13.22785,21.046
Boid13,12.90521,21.046
Boid14,12.31946,21.046
Boid15,12.8509,21.046
Boid16,12.1972,21.046
Boid17,12.18415,21.046
Boid18,12.96597,21.046
Boid19,12.69718,21.046
Boid0,11.65318,22.04658
Boid1,11.58666,22.04658
Boid2,12.71007,22.04658
Boid3,12.49745,22.04658
Boid4,12.24827,22.04658
Boid5,12.13582,22.04658
Boid6,11.91077,22.04658
Boid7,12.03234,22.04658
Boid8,11.28459,22.04658
Boid9,11.49554,22.04658
Boid10,11.88223,22.04658
Boid11,11.91344,22.04658
Boid12,12.84197,22.04658
Boid13,11.36231,22.04658
Boid14,11.85351,22.04658
Boid15,12.40203,22.04658
Boid16,12.40162,22.04658
Boid17,11.90269,22.04658
Boid18,12.05393,22.04658
Boid19,12.02123,22.04658
Boid0,11.03627,23.04698
Boid1,11.63438,23.04698
Boid2,11.07497,23.04698
Boid3,11.46477,23.04698
Boid4,11.92078,23.04698
Boid5,10.99729,23.04698
Boid6,11.48008,23.04698
Boid7,11.0309,23.04698
Boid8,11.17356,23.04698
Boid9,11.2001,23.04698
Boid10,11.10908,23.04698
Boid11,10.85491,23.04698
Boid12,11.02222,23.04698
Boid13,11.57212,23.04698
Boid14,11.24719,23.04698
Boid15,11.55023,23.04698
Boid16,11.60929,23.04698
Boid17,11.65325,23.04698
Boid18,11.03016,23.04698
Boid19,11.01543,23.04698
Boid0,13.98062,24.04949
Boid1,14.54193,24.04949
Boid2,14.02058,24.04949
Boid3,13.63521,24.04949
Boid4,14.13004,24.04949
Boid5,13.86952,24.04949
Boid6,14.07445,24.04949
Boid7,13.81158,24.04949
Boid8,14.16793,24.04949
Boid9,14.1778,24.04949
Boid10,14.00847,24.04949
Boid11,14.2928,24.04949
Boid12,14.21993,24.04949
Boid13,14.4688,24.04949
Boid14,13.62861,24.04949
Boid15,13.45719,24.04949
Boid16,13.74903,24.04949
Boid17,14.50082,24.04949
Boid18,13.39411,24.04949
Boid19,13.53403,24.04949
Boid0,12.19595,25.05263
Boid1,11.97464,25.05263
Boid2,12.55142,25.05263
Boid3,12.29549,25.05263
Boid4,11.76455,25.05263
Boid5,12.56611,25.05263
Boid6,11.74264,25.05263
Boid7,12.72357,25.05263
Boid8,12.06481,25.05263
Boid9,11.86941,25.05263
Boid10,12.63464,25.05263
Boid11,12.91893,25.05263
Boid12,12.79348,25.05263
Boid13,12.41351,25.05263
Boid14,11.67387,25.05263
Boid15,12.37956,25.05263
Boid16,12.04853,25.05263
Boid17,11.90199,25.05263
Boid18,12.25355,25.05263
Boid19,12.07336,25.05263
Boid0,10.49191,26.05358
Boid1,10.15859,26.05358
Boid2,11.31692,26.05358
Boid3,11.05972,26.05358
Boid4,10.86036,26.05358
Boid5,10.84217,26.05358
Boid6,10.60505,26.05358
Boid7,10.38123,26.05358
Boid8,10.33147,26.05358
Boid9,10.52121,26.05358
Boid10,10.07475,26.05358
Boid11,10.80553,26.05358
Boid12,11.08082,26.05358
Boid13,9.891052,26.05358
Boid14,10.75347,26.05358
Boid15,11.27111,26.05358
Boid16,10.89049,26.05358
Boid17,10.4118,26.05358
Boid18,11.1847,26.05358
Boid19,10.7352,26.05358
Boid0,12.97865,27.05575
Boid1,13.18022,27.05575
Boid2,13.07204,27.05575
Boid3,13.27902,27.05575
Boid4,13.8148,27.05575
Boid5,12.87363,27.05575
Boid6,13.47802,27.05575
Boid7,12.98622,27.05575
Boid8,13.02898,27.05575
Boid9,13.29126,27.05575
Boid10,13.05585,27.05575
Boid11,13.10851,27.05575
Boid12,12.95453,27.05575
Boid13,13.25953,27.05575
Boid14,13.39554,27.05575
Boid15,13.11864,27.05575
Boid16,13.32475,27.05575
Boid17,13.35056,27.05575
Boid18,12.93035,27.05575
Boid19,13.20423,27.05575
Boid0,10.44639,28.06408
Boid1,10.95937,28.06408
Boid2,10.58344,28.06408
Boid3,10.57997,28.06408
Boid4,10.49,28.06408
Boid5,10.52488,28.06408
Boid6,10.7504,28.06408
Boid7,10.90187,28.06408
Boid8,10.99486,28.06408
Boid9,10.70365,28.06408
Boid10,11.2192,28.06408
Boid11,10.93748,28.06408
Boid12,10.83344,28.06408
Boid13,11.32803,28.06408
Boid14,10.73857,28.06408
Boid15,10.48998,28.06408
Boid16,10.59858,28.06408
Boid17,10.84962,28.06408
Boid18,10.35447,28.06408
Boid19,10.47679,28.06408
Boid0,10.57234,29.06453
Boid1,10.51545,29.06453
Boid2,10.98553,29.06453
Boid3,10.39755,29.06453
Boid4,10.05045,29.06453
Boid5,10.86406,29.06453
Boid6,10.19375,29.06453
Boid7,11.07699,29.06453
Boid8,10.94159,29.06453
Boid9,10.72377,29.06453
Boid10,10.9853,29.06453
Boid11,11.06141,29.06453
Boid12,11.03682,29.06453
Boid13,11.08395,29.06453
Boid14,10.25121,29.06453
Boid15,10.76235,29.06453
Boid16,10.07475,29.06453
Boid17,10.60342,29.06453
Boid18,10.48357,29.06453
Boid19,10.02585,29.06453
Boid0,12.33856,30.06462
Boid1,12.82221,30.06462
Boid2,12.73793,30.06462
Boid3,12.98114,30.06462
Boid4,12.94936,30.06462
Boid5,12.67519,30.06462
Boid6,12.75652,30.06462
Boid7,12.21735,30.06462
Boid8,12.85661,30.06462
Boid9,12.70024,30.06462
Boid10,12.73295,30.06462
Boid11,12.3651,30.06462
Boid12,12.64828,30.06462
Boid13,12.63049,30.06462
Boid14,12.57601,30.06462
Boid15,12.88565,30.06462
Boid16,13.05524,30.06462
Boid17,12.55408,30.06462
Boid18,12.81616,30.06462
Boid19,12.69629,30.06462
Boid0,10.75515,1.000617
Boid1,10.21393,1.000617
Boid2,9.047615,1.000617
Boid3,9.262006,1.000617
Boid4,9.555844,1.000617
Boid5,9.348482,1.000617
Boid6,9.926188,1.000617
Boid7,10.37092,1.000617
Boid8,10.26226,1.000617
Boid9,10.55647,1.000617
Boid10,9.910336,1.000617
Boid11,9.092424,1.000617
Boid12,11.27538,1.000617
Boid13,10.18113,1.000617
Boid14,8.05302,1.000617
Boid15,11.42196,1.000617
Boid16,11.63329,1.000617
Boid17,9.465286,1.000617
Boid18,10.90182,1.000617
Boid19,10.47368,1.000617
Boid0,8.485506,2.001964
Boid1,8.052478,2.001964
Boid2,8.096346,2.001964
Boid3,8.037216,2.001964
Boid4,8.024074,2.001964
Boid5,8.109945,2.001964
Boid6,8.357454,2.001964
Boid7,8.278711,2.001964
Boid8,8.01932,2.001964
Boid9,8.349284,2.001964
Boid10,8.152844,2.001964
Boid11,7.950256,2.001964
Boid12,7.993365,2.001964
Boid13,7.920115,2.001964
Boid14,8.090246,2.001964
Boid15,7.865232,2.001964
Boid16,8.050749,2.001964
Boid17,7.671157,2.001964
Boid18,8.280622,2.001964
Boid19,7.972746,2.001964
Boid0,11.84009,3.001987
Boid1,10.12595,3.001987
Boid2,9.960327,3.001987
Boid3,9.971901,3.001987
Boid4,10.63467,3.001987
Boid5,10.71116,3.001987
Boid6,11.99482,3.001987
Boid7,10.76315,3.001987
Boid8,9.999546,3.001987
Boid9,10.63165,3.001987
Boid10,10.3607,3.001987
Boid11,10.25724,3.001987
Boid12,7.849346,3.001987
Boid13,7.61959,3.001987
Boid14,10.43617,3.001987
Boid15,7.746008,3.001987
Boid16,10.45986,3.001987
Boid17,7.619215,3.001987
Boid18,10.46693,3.001987
Boid19,7.82538,3.001987
Boid0,15.35986,4.00204
Boid1,15.81999,4.00204
Boid2,16.12891,4.00204
Boid3,15.80995,4.00204
Boid4,15.47109,4.00204
Boid5,15.47014,4.00204
Boid6,15.30691,4.00204
Boid7,15.30833,4.00204
Boid8,15.74023,4.00204
Boid9,16.15486,4.00204
Boid10,15.44525,4.00204
Boid11,15.66499,4.00204
Boid12,12.28723,4.00204
Boid13,12.46975,4.00204
Boid14,15.44451,4.00204
Boid15,12.42163,4.00204
Boid16,15.54602,4.00204
Boid17,12.47856,4.00204
Boid18,15.80048,4.00204
Boid19,12.63339,4.00204
Boid0,11.79301,5.002724
Boid1,14.35763,5.002724
Boid2,14.18352,5.002724
Boid3,14.11631,5.002724
Boid4,11.91255,5.002724
Boid5,11.26004,5.002724
Boid6,11.67961,5.002724
Boid7,12.71874,5.002724
Boid8,13.59596,5.002724
Boid9,12.06273,5.002724
Boid10,12.75987,5.002724
Boid11,12.85418,5.002724
Boid12,18.49073,5.002724
Boid13,18.15513,5.002724
Boid14,12.58861,5.002724
Boid15,18.0167,5.002724
Boid16,12.89895,5.002724
Boid17,18.02563,5.002724
Boid18,12.57655,5.002724
Boid19,17.98738,5.002724
Boid0,9.862726,6.003028
Boid1,9.5417,6.003028
Boid2,9.706052,6.003028
Boid3,9.639279,6.003028
Boid4,4.802477,6.003028
Boid5,3.093995,6.003028
Boid6,10.00729,6.003028
Boid7,9.851651,6.003028
Boid8,9.651748,6.003028
Boid9,8.654272,6.003028
Boid10,9.501485,6.003028
Boid11,9.823063,6.003028
Boid12,13.68038,6.003028
Boid13,11.28573,6.003028
Boid14,7.054272,6.003028
Boid15,10.81746,6.003028
Boid16,2.962293,6.003028
Boid17,7.954711,6.003028
Boid18,9.167688,6.003028
Boid19,14.6579,6.003028
Boid0,13.58147,7.003968
Boid1,12.59638,7.003968
Boid2,12.55994,7.003968
Boid3,12.73849,7.003968
Boid4,10.92539,7.003968
Boid5,10.41469,7.003968
Boid6,13.71428,7.003968
Boid7,13.68908,7.003968
Boid8,12.4333,7.003968
Boid9,12.97074,7.003968
Boid10,13.35739,7.003968
Boid11,13.36089,7.003968
Boid12,10.92249,7.003968
Boid13,10.00312,7.003968
Boid14,10.91986,7.003968
Boid15,11.28271,7.003968
Boid16,10.72246,7.003968
Boid17,11.28379,7.003968
Boid18,13.10641,7.003968
Boid19,10.70263,7.003968
Boid0,12.59395,8.006084
Boid1,12.34286,8.006084
Boid2,12.45875,8.006084
Boid3,12.10166,8.006084
Boid4,7.776109,8.006084
Boid5,8.412562,8.006084
Boid6,12.43887,8.006084
Boid7,12.34276,8.006084
Boid8,12.2429,8.006084
Boid9,11.44589,8.006084
Boid10,11.62587,8.006084
Boid11,12.25498,8.006084
Boid12,8.943924,8.006084
Boid13,8.222705,8.006084
Boid14,8.197371,8.006084
Boid15,8.352852,8.006084
Boid16,7.798565,8.006084
Boid17,8.462943,8.006084
Boid18,11.71866,8.006084
Boid19,8.262127,8.006084
Boid0,11.85019,9.006343
Boid1,11.92924,9.006343
Boid2,11.87364,9.006343
Boid3,12.011,9.006343
Boid4,9.750762,9.006343
Boid5,9.796713,9.006343
Boid6,11.72129,9.006343
Boid7,11.84387,9.006343
Boid8,12.11567,9.006343
Boid9,12.10763,9.006343
Boid10,11.94309,9.006343
Boid11,11.71894,9.006343
Boid12,10.24894,9.006343
Boid13,9.857032,9.006343
Boid14,9.823752,9.006343
Boid15,9.976918,9.006343
Boid16,9.911242,9.006343
Boid17,10.02962,9.006343
Boid18,11.8478,9.006343
Boid19,9.672573,9.006343
Boid0,11.83522,10.00658
Boid1,11.71945,10.00658
Boid2,11.94243,10.00658
Boid3,11.98862,10.00658
Boid4,15.44938,10.00658
Boid5,15.38718,10.00658
Boid6,11.97503,10.00658
Boid7,11.73722,10.00658
Boid8,11.8779,10.00658
Boid9,11.64939,10.00658
Boid10,12.01507,10.00658
Boid11,11.8822,10.00658
Boid12,15.30163,10.00658
Boid13,14.95012,10.00658
Boid14,15.23786,10.00658
Boid15,15.49523,10.00658
Boid16,14.93222,10.00658
Boid17,15.50997,10.00658
Boid18,11.61796,10.00658
Boid19,15.32069,10.00658
Boid0,11.99399,11.00788
Boid1,11.79237,11.00788
Boid2,11.55946,11.00788
Boid3,10.11943,11.00788
Boid4,15.13121,11.00788
Boid5,14.51335,11.00788
Boid6,12.1304,11.00788
Boid7,10.43424,11.00788
Boid8,10.55137,11.00788
Boid9,10.3853,11.00788
Boid10,11.40161,11.00788
Boid11,9.306499,11.00788
Boid12,11.97611,11.00788
Boid13,13.51704,11.00788
Boid14,15.46296,11.00788
Boid15,15.29428,11.00788
Boid16,15.36981,11.00788
Boid17,15.40511,11.00788
Boid18,11.49412,11.00788
Boid19,13.56385,11.00788
Boid0,10.64801,12.00808
Boid1,10.74172,12.00808
Boid2,10.67325,12.00808
Boid3,10.33977,12.00808
Boid4,8.140169,12.00808
Boid5,8.370536,12.00808
Boid6,10.54909,12.00808
Boid7,7.791671,12.00808
Boid8,10.53661,12.00808
Boid9,8.416011,12.00808
Boid10,8.411495,12.00808
Boid11,7.859148,12.00808
Boid12,7.71473,12.00808
Boid13,8.442145,12.00808
Boid14,8.103786,12.00808
Boid15,7.863493,12.00808
Boid16,8.42375,12.00808
Boid17,7.914152,12.00808
Boid18,9.595486,12.00808
Boid19,7.716509,12.00808
Boid0,9.712204,13.0087
Boid1,9.502999,13.0087
Boid2,8.972165,13.0087
Boid3,7.499557,13.0087
Boid4,6.416328,13.0087
Boid5,6.596388,13.0087
Boid6,9.746508,13.0087
Boid7,6.455695,13.0087
Boid8,9.020393,13.0087
Boid9,6.451943,13.0087
Boid10,6.279288,13.0087
Boid11,6.904142,13.0087
Boid12,5.911724,13.0087
Boid13,4.437841,13.0087
Boid14,6.169859,13.0087
Boid15,6.302263,13.0087
Boid16,6.235378,13.0087
Boid17,6.330853,13.0087
Boid18,6.119878,13.0087
Boid19,6.229873,13.0087
Boid0,11.60015,14.0097
Boid1,11.31363,14.0097
Boid2,11.62067,14.0097
Boid3,7.162701,14.0097
Boid4,11.81265,14.0097
Boid5,13.15155,14.0097
Boid6,11.80505,14.0097
Boid7,12.79812,14.0097
Boid8,11.55484,14.0097
Boid9,12.34703,14.0097
Boid10,12.73735,14.0097
Boid11,12.72814,14.0097
Boid12,12.83518,14.0097
Boid13,9.003379,14.0097
Boid14,11.7526,14.0097
Boid15,11.53115,14.0097
Boid16,12.16206,14.0097
Boid17,11.70317,14.0097
Boid18,12.74685,14.0097
Boid19,13.00733,14.0097
Boid0,10.19713,15.01014
Boid1,10.63535,15.01014
Boid2,10.59509,15.01014
Boid3,10.29996,15.01014
Boid4,12.24586,15.01014
Boid5,12.50138,15.01014
Boid6,10.11067,15.01014
Boid7,13.0285,15.01014
Boid8,10.67402,15.01014
Boid9,12.41574,15.01014
Boid10,12.93235,15.01014
Boid11,13.53216,15.01014
Boid12,12.35129,15.01014
Boid13,10.13445,15.01014
Boid14,11.99503,15.01014
Boid15,12.15387,15.01014
Boid16,12.19508,15.01014
Boid17,12.20077,15.01014
Boid18,12.99692,15.01014
Boid19,12.22937,15.01014
Boid0,12.27162,16.01031
Boid1,12.75108,16.01031
Boid2,8.813603,16.01031
Boid3,2.581109,16.01031
Boid4,11.73704,16.01031
Boid5,12.23182,16.01031
Boid6,11.31217,16.01031
Boid7,11.90572,16.01031
Boid8,10.07631,16.01031
Boid9,12.61711,16.01031
Boid10,11.79458,16.01031
Boid11,11.77626,16.01031
Boid12,12.18296,16.01031
Boid13,7.3003,16.01031
Boid14,11.52431,16.01031
Boid15,12.26394,16.01031
Boid16,11.08606,16.01031
Boid17,12.44582,16.01031
Boid18,12.43398,16.01031
Boid19,12.13201,16.01031
Boid0,10.06522,17.01129
Boid1,10.0464,17.01129
Boid2,11.26843,17.01129
Boid3,12.01143,17.01129
Boid4,11.18831,17.01129
Boid5,11.81326,17.01129
Boid6,11.382,17.01129
Boid7,11.63393,17.01129
Boid8,11.22535,17.01129
Boid9,10.7291,17.01129
Boid10,11.44469,17.01129
Boid11,11.36932,17.01129
Boid12,11.76502,17.01129
Boid13,11.69909,17.01129
Boid14,10.55831,17.01129
Boid15,11.09344,17.01129
Boid16,9.433908,17.01129
Boid17,10.71667,17.01129
Boid18,10.94179,17.01129
Boid19,11.51491,17.01129
Boid0,11.59455,18.01179
Boid1,8.093829,18.01179
Boid2,10.26477,18.01179
Boid3,11.75237,18.01179
Boid4,12.10645,18.01179
Boid5,11.06601,18.01179
Boid6,12.06746,18.01179
Boid7,11.09381,18.01179
Boid8,10.66532,18.01179
Boid9,10.18587,18.01179
Boid10,10.92726,18.01179
Boid11,11.38479,18.01179
Boid12,10.96696,18.01179
Boid13,11.57085,18.01179
Boid14,10.67972,18.01179
Boid15,10.62311,18.01179
Boid16,11.62171,18.01179
Boid17,10.70471,18.01179
Boid18,10.52132,18.01179
Boid19,10.79296,18.01179
Boid0,15.80444,19.01185
Boid1,4.685516,19.01185
Boid2,13.39684,19.01185
Boid3,12.99844,19.01185
Boid4,13.82041,19.01185
Boid5,13.00344,19.01185
Boid6,14.0383,19.01185
Boid7,13.6519,19.01185
Boid8,13.70496,19.01185
Boid9,13.0021,19.01185
Boid10,13.18805,19.01185
Boid11,13.05821,19.01185
Boid12,13.18709,19.01185
Boid13,13.0346,19.01185
Boid14,12.96959,19.01185
Boid15,13.0917,19.01185
Boid16,15.77736,19.01185
Boid17,13.14559,19.01185
Boid18,12.8969,19.01185
Boid19,12.75693,19.01185
Boid0,13.57772,20.01238
Boid1,11.00093,20.01238
Boid2,12.04376,20.01238
Boid3,11.66935,20.01238
Boid4,11.7177,20.01238
Boid5,11.30182,20.01238
Boid6,11.7429,20.01238
Boid7,11.96455,20.01238
Boid8,11.96967,20.01238
Boid9,11.96916,20.01238
Boid10,12.11864,20.01238
Boid11,11.11674,20.01238
Boid12,11.9829,20.01238
Boid13,11.17398,20.01238
Boid14,11.78447,20.01238
Boid15,11.70618,20.01238
Boid16,13.42619,20.01238
Boid17,12.01184,20.01238
Boid18,12.01234,20.01238
Boid19,11.46945,20.01238
Boid0,9.412231,21.0135
Boid1,10.49198,21.0135
Boid2,9.733222,21.0135
Boid3,10.81228,21.0135
Boid4,9.668467,21.0135
Boid5,10.27968,21.0135
Boid6,9.601636,21.0135
Boid7,10.07258,21.0135
Boid8,10.3115,21.0135
Boid9,10.00869,21.0135
Boid10,9.633834,21.0135
Boid11,9.827713,21.0135
Boid12,10.95737,21.0135
Boid13,10.13055,21.0135
Boid14,10.1149,21.0135
Boid15,10.70198,21.0135
Boid16,9.384151,21.0135
Boid17,9.751506,21.0135
Boid18,10.46466,21.0135
Boid19,9.86384,21.0135
Boid0,10.05963,22.0145
Boid1,10.08869,22.0145
Boid2,9.752277,22.0145
Boid3,10.12858,22.0145
Boid4,9.620522,22.0145
Boid5,9.975493,22.0145
Boid6,9.821625,22.0145
Boid7,9.397221,22.0145
Boid8,9.413648,22.0145
Boid9,9.832582,22.0145
Boid10,9.528508,22.0145
Boid11,9.860035,22.0145
Boid12,10.21497,22.0145
Boid13,9.934287,22.0145
Boid14,9.778445,22.0145
Boid15,10.04584,22.0145
Boid16,10.2298,22.0145
Boid17,9.342316,22.0145
Boid18,9.882409,22.0145
Boid19,9.586037,22.0145
Boid0,9.37378,23.0178
Boid1,8.025211,23.0178
Boid2,8.45441,23.0178
Boid3,8.133348,23.0178
Boid4,8.763858,23.0178
Boid5,8.351149,23.0178
Boid6,8.519762,23.0178
Boid7,8.290709,23.0178
Boid8,8.928389,23.0178
Boid9,8.234194,23.0178
Boid10,8.391088,23.0178
Boid11,8.365613,23.0178
Boid12,8.500614,23.0178
Boid13,8.12027,23.0178
Boid14,8.11903,23.0178
Boid15,8.473259,23.0178
Boid16,9.342343,23.0178
Boid17,8.283339,23.0178
Boid18,8.400227,23.0178
Boid19,8.340678,23.0178
Boid0,9.332591,24.01856
Boid1,8.759711,24.01856
Boid2,9.138059,24.01856
Boid3,8.663605,24.01856
Boid4,8.636333,24.01856
Boid5,8.628458,24.01856
Boid6,8.561579,24.01856
Boid7,8.662158,24.01856
Boid8,9.306685,24.01856
Boid9,8.935729,24.01856
Boid10,8.607306,24.01856
Boid11,8.475426,24.01856
Boid12,8.874222,24.01856
Boid13,8.606272,24.01856
Boid14,9.114851,24.01856
Boid15,9.049149,24.01856
Boid16,9.258165,24.01856
Boid17,8.679163,24.01856
Boid18,8.933084,24.01856
Boid19,8.526293,24.01856
Boid0,10.85524,25.01949
Boid1,11.05629,25.01949
Boid2,10.57491,25.01949
Boid3,11.03461,25.01949
Boid4,10.51569,25.01949
Boid5,11.13976,25.01949
Boid6,10.63332,25.01949
Boid7,10.53028,25.01949
Boid8,10.81346,25.01949
Boid9,10.60103,25.01949
Boid10,10.43087,25.01949
Boid11,10.599,25.01949
Boid12,11.14497,25.01949
Boid13,10.83693,25.01949
Boid14,10.58917,25.01949
Boid15,11.13193,25.01949
Boid16,10.7854,25.01949
Boid17,10.48126,25.01949
Boid18,11.08092,25.01949
Boid19,10.5639,25.01949
Boid0,12.14953,26.02029
Boid1,11.42155,26.02029
Boid2,11.37098,26.02029
Boid3,11.69422,26.02029
Boid4,10.98502,26.02029
Boid5,11.49195,26.02029
Boid6,11.27101,26.02029
Boid7,11.05666,26.02029
Boid8,11.12315,26.02029
Boid9,11.16805,26.02029
Boid10,11.01205,26.02029
Boid11,11.39565,26.02029
Boid12,11.36181,26.02029
Boid13,11.46643,26.02029
Boid14,11.48253,26.02029
Boid15,11.30771,26.02029
Boid16,12.29186,26.02029
Boid17,11.05248,26.02029
Boid18,11.30721,26.02029
Boid19,11.44351,26.02029
Boid0,12.23404,27.02128
Boid1,11.49771,27.02128
Boid2,11.03034,27.02128
Boid3,11.21023,27.02128
Boid4,11.83007,27.02128
Boid5,11.47382,27.02128
Boid6,11.90759,27.02128
Boid7,11.08275,27.02128
Boid8,11.05167,27.02128
Boid9,10.83455,27.02128
Boid10,11.42593,27.02128
Boid11,11.68311,27.02128
Boid12,11.29265,27.02128
Boid13,11.45615,27.02128
Boid14,10.80363,27.02128
Boid15,11.30127,27.02128
Boid16,12.20847,27.02128
Boid17,11.67505,27.02128
Boid18,11.27386,27.02128
Boid19,11.45684,27.02128
Boid0,12.2339,28.02258
Boid1,11.32187,28.02258
Boid2,12.26291,28.02258
Boid3,11.25942,28.02258
Boid4,12.04974,28.02258
Boid5,11.25986,28.02258
Boid6,11.49111,28.02258
Boid7,11.76609,28.02258
Boid8,11.83178,28.02258
Boid9,11.75732,28.02258
Boid10,11.80276,28.02258
Boid11,11.64653,28.02258
Boid12,11.36278,28.02258
Boid13,11.47704,28.02258
Boid14,12.32251,28.02258
Boid15,11.60302,28.02258
Boid16,12.09284,28.02258
Boid17,12.04056,28.02258
Boid18,11.21354,28.02258
Boid19,11.38009,28.02258
Boid0,12.76604,29.02871
Boid1,12.39166,29.02871
Boid2,12.40574,29.02871
Boid3,12.56285,29.02871
Boid4,12.55011,29.02871
Boid5,12.0571,29.02871
Boid6,12.66701,29.02871
Boid7,12.64329,29.02871
Boid8,12.49261,29.02871
Boid9,12.62683,29.02871
Boid10,12.3865,29.02871
Boid11,12.16041,29.02871
Boid12,12.49989,29.02871
Boid13,12.07589,29.02871
Boid14,13.11108,29.02871
Boid15,12.52923,29.02871
Boid16,12.6906,29.02871
Boid17,12.51537,29.02871
Boid18,12.6588,29.02871
Boid19,12.0638,29.02871
Boid0,13.54753,30.02992
Boid1,13.16624,30.02992
Boid2,12.89063,30.02992
Boid3,13.0212,30.02992
Boid4,12.54458,30.02992
Boid5,12.92599,30.02992
Boid6,12.49011,30.02992
Boid7,13.08222,30.02992
Boid8,12.65563,30.02992
Boid9,12.92202,30.02992
Boid10,12.65582,30.02992
Boid11,12.89638,30.02992
Boid12,13.09656,30.02992
Boid13,13.1538,30.02992
Boid14,12.76429,30.02992
Boid15,13.41801,30.02992
Boid16,13.68818,30.02992
Boid17,12.67003,30.02992
Boid18,12.88804,30.02992
Boid19,12.53655,30.02992
Boid0,7.327956,1.001308
Boid1,8.595892,1.001308
Boid2,8.128132,1.001308
Boid3,8.43288,1.001308
Boid4,9.408163,1.001308
Boid5,9.569722,1.001308
Boid6,8.354811,1.001308
Boid7,8.259264,1.001308
Boid8,7.524163,1.001308
Boid9,9.228863,1.001308
Boid10,7.874681,1.001308
Boid11,8.701915,1.001308
Boid12,6.963628,1.001308
Boid13,8.647476,1.001308
Boid14,8.402695,1.001308
Boid15,9.695377,1.001308
Boid16,8.556852,1.001308
Boid17,9.108492,1.001308
Boid18,9.613605,1.001308
Boid19,9.955948,1.001308
Boid0,7.253483,2.00303
Boid1,6.61909,2.00303
Boid2,6.365403,2.00303
Boid3,7.019251,2.00303
Boid4,6.87061,2.00303
Boid5,7.312504,2.00303
Boid6,6.333653,2.00303
Boid7,6.241923,2.00303
Boid8,7.267451,2.00303
Boid9,7.064724,2.00303
Boid10,7.075456,2.00303
Boid11,7.330551,2.00303
Boid12,6.959225,2.00303
Boid13,7.4084,2.00303
Boid14,7.140641,2.00303
Boid15,7.663972,2.00303
Boid16,7.095553,2.00303
Boid17,7.177195,2.00303
Boid18,6.439916,2.00303
Boid19,7.620634,2.00303
Boid0,8.878205,3.00328
Boid1,8.720111,3.00328
Boid2,8.832226,3.00328
Boid3,8.564056,3.00328
Boid4,8.582102,3.00328
Boid5,8.726199,3.00328
Boid6,8.668763,3.00328
Boid7,8.589771,3.00328
Boid8,8.640059,3.00328
Boid9,8.649261,3.00328
Boid10,8.821523,3.00328
Boid11,8.508387,3.00328
Boid12,8.712311,3.00328
Boid13,8.937587,3.00328
Boid14,8.667329,3.00328
Boid15,8.819385,3.00328
Boid16,8.555231,3.00328
Boid17,8.334624,3.00328
Boid18,8.413942,3.00328
Boid19,8.790091,3.00328
Boid0,15.21121,4.003709
Boid1,14.93664,4.003709
Boid2,15.06714,4.003709
Boid3,14.95221,4.003709
Boid4,15.02504,4.003709
Boid5,15.08585,4.003709
Boid6,15.16011,4.003709
Boid7,15.127,4.003709
Boid8,15.0216,4.003709
Boid9,15.15841,4.003709
Boid10,15.34213,4.003709
Boid11,15.35264,4.003709
Boid12,15.29094,4.003709
Boid13,15.35083,4.003709
Boid14,14.98264,4.003709
Boid15,15.35574,4.003709
Boid16,15.31243,4.003709
Boid17,15.36576,4.003709
Boid18,14.83318,4.003709
Boid19,15.45577,4.003709
Boid0,15.14052,5.004893
Boid1,15.95801,5.004893
Boid2,14.83719,5.004893
Boid3,15.2133,5.004893
Boid4,16.22081,5.004893
Boid5,15.99573,5.004893
Boid6,14.58788,5.004893
Boid7,15.4021,5.004893
Boid8,15.72874,5.004893
Boid9,16.20956,5.004893
Boid10,14.9922,5.004893
Boid11,15.90146,5.004893
Boid12,15.08889,5.004893
Boid13,16.05712,5.004893
Boid14,16.02573,5.004893
Boid15,16.3005,5.004893
Boid16,15.09403,5.004893
Boid17,15.52868,5.004893
Boid18,15.87241,5.004893
Boid19,16.12686,5.004893
Boid0,9.884733,6.005387
Boid1,10.88678,6.005387
Boid2,10.56761,6.005387
Boid3,9.193965,6.005387
Boid4,10.89518,6.005387
Boid5,9.996731,6.005387
Boid6,10.65853,6.005387
Boid7,10.10898,6.005387
Boid8,10.12391,6.005387
Boid9,11.01253,6.005387
Boid10,9.247229,6.005387
Boid11,10.35305,6.005387
Boid12,10.05215,6.005387
Boid13,9.647186,6.005387
Boid14,10.72022,6.005387
Boid15,9.950632,6.005387
Boid16,9.676931,6.005387
Boid17,10.02796,6.005387
Boid18,10.53221,6.005387
Boid19,9.757766,6.005387
Boid0,10.29803,7.006711
Boid1,10.278,7.006711
Boid2,10.43813,7.006711
Boid3,9.790916,7.006711
Boid4,9.649826,7.006711
Boid5,9.477359,7.006711
Boid6,10.59784,7.006711
Boid7,9.839464,7.006711
Boid8,9.674944,7.006711
Boid9,9.645761,7.006711
Boid10,9.47093,7.006711
Boid11,9.358894,7.006711
Boid12,10.2523,7.006711
Boid13,9.338106,7.006711
Boid14,9.451618,7.006711
Boid15,9.733938,7.006711
Boid16,9.830324,7.006711
Boid17,10.05497,7.006711
Boid18,10.30572,7.006711
Boid19,9.884929,7.006711
Boid0,12.38537,8.006971
Boid1,11.09355,8.006971
Boid2,11.68921,8.006971
Boid3,11.81123,8.006971
Boid4,11.64723,8.006971
Boid5,11.36415,8.006971
Boid6,12.28833,8.006971
Boid7,11.71251,8.006971
Boid8,10.73979,8.006971
Boid9,11.20086,8.006971
Boid10,11.75892,8.006971
Boid11,11.04738,8.006971
Boid12,12.3425,8.006971
Boid13,10.88481,8.006971
Boid14,11.59832,8.006971
Boid15,10.95712,8.006971
Boid16,12.36662,8.006971
Boid17,12.38422,8.006971
Boid18,10.84918,8.006971
Boid19,11.28191,8.006971
Boid0,11.50612,9.007484
Boid1,10.65298,9.007484
Boid2,11.04025,9.007484
Boid3,11.28326,9.007484
Boid4,10.62311,9.007484
Boid5,10.81543,9.007484
Boid6,11.03613,9.007484
Boid7,10.69251,9.007484
Boid8,10.58545,9.007484
Boid9,10.66174,9.007484
Boid10,10.8253,9.007484
Boid11,10.47987,9.007484
Boid12,11.36685,9.007484
Boid13,10.70329,9.007484
Boid14,10.53506,9.007484
Boid15,10.82207,9.007484
Boid16,11.37573,9.007484
Boid17,11.47351,9.007484
Boid18,10.8307,9.007484
Boid19,11.11014,9.007484
Boid0,11.20575,10.0079
Boid1,11.20015,10.0079
Boid2,11.08732,10.0079
Boid3,11.49637,10.0079
Boid4,11.65203,10.0079
Boid5,11.65973,10.0079
Boid6,11.15287,10.0079
Boid7,11.51676,10.0079
Boid8,11.02474,10.0079
Boid9,11.23969,10.0079
Boid10,11.23579,10.0079
Boid11,11.06341,10.0079
Boid12,11.31257,10.0079
Boid13,11.22447,10.0079
Boid14,11.43092,10.0079
Boid15,11.32278,10.0079
Boid16,11.44365,10.0079
Boid17,11.5407,10.0079
Boid18,10.98997,10.0079
Boid19,11.87174,10.0079
Boid0,11.36566,11.00904
Boid1,12.0767,11.00904
Boid2,11.95137,11.00904
Boid3,11.5783,11.00904
Boid4,11.91462,11.00904
Boid5,11.63972,11.00904
Boid6,11.6013,11.00904
Boid7,11.76721,11.00904
Boid8,11.71208,11.00904
Boid9,11.97138,11.00904
Boid10,11.48226,11.00904
Boid11,12.11433,11.00904
Boid12,11.30093,11.00904
Boid13,11.59236,11.00904
Boid14,11.92094,11.00904
Boid15,11.31007,11.00904
Boid16,11.80362,11.00904
Boid17,11.46975,11.00904
Boid18,12.00136,11.00904
Boid19,11.79351,11.00904
Boid0,12.19204,12.00961
Boid1,12.53402,12.00961
Boid2,12.80226,12.00961
Boid3,11.68842,12.00961
Boid4,11.79159,12.00961
Boid5,11.94759,12.00961
Boid6,12.23998,12.00961
Boid7,12.32068,12.00961
Boid8,12.36201,12.00961
Boid9,12.44715,12.00961
Boid10,12.07799,12.00961
Boid11,12.62897,12.00961
Boid12,11.67222,12.00961
Boid13,12.2742,12.00961
Boid14,12.24538,12.00961
Boid15,11.78149,12.00961
Boid16,11.6625,12.00961
Boid17,11.93464,12.00961
Boid18,12.62607,12.00961
Boid19,11.78153,12.00961
Boid0,11.95217,13.01084
Boid1,11.43682,13.01084
Boid2,11.73408,13.01084
Boid3,11.81442,13.01084
Boid4,11.36983,13.01084
Boid5,11.52627,13.01084
Boid6,11.84318,13.01084
Boid7,11.84548,13.01084
Boid8,11.53734,13.01084
Boid9,11.62688,13.01084
Boid10,11.94467,13.01084
Boid11,11.63565,13.01084
Boid12,11.82119,13.01084
Boid13,11.65353,13.01084
Boid14,11.49163,13.01084
Boid15,11.49785,13.01084
Boid16,11.92627,13.01084
Boid17,12.14097,13.01084
Boid18,11.35419,13.01084
Boid19,11.60033,13.01084
Boid0,10.67601,14.01093
Boid1,10.05774,14.01093
Boid2,9.977801,14.01093
Boid3,10.81124,14.01093
Boid4,10.3366,14.01093
Boid5,10.37016,14.01093
Boid6,10.45606,14.01093
Boid7,10.40139,14.01093
Boid8,10.20106,14.01093
Boid9,10.20521,14.01093
Boid10,10.38772,14.01093
Boid11,10.05904,14.01093
Boid12,10.52706,14.01093
Boid13,10.16115,14.01093
Boid14,10.20431,14.01093
Boid15,10.40024,14.01093
Boid16,10.61675,14.01093
Boid17,10.47952,14.01093
Boid18,9.93318,14.01093
Boid19,10.67048,14.01093
Boid0,11.33937,15.01124
Boid1,11.5291,15.01124
Boid2,10.93386,15.01124
Boid3,10.8303,15.01124
Boid4,11.35144,15.01124
Boid5,10.83791,15.01124
Boid6,11.28372,15.01124
Boid7,11.02613,15.01124
Boid8,10.90769,15.01124
Boid9,10.91113,15.01124
Boid10,10.76462,15.01124
Boid11,10.92948,15.01124
Boid12,10.85721,15.01124
Boid13,10.85565,15.01124
Boid14,11.47123,15.01124
Boid15,10.76312,15.01124
Boid16,10.79775,15.01124
Boid17,10.96141,15.01124
Boid18,11.58686,15.01124
Boid19,11.02798,15.01124
Boid0,9.279252,1.000126
Boid1,8.70893,1.000126
Boid2,9.32822,1.000126
Boid3,9.728823,1.000126
Boid4,10.27912,1.000126
Boid5,9.372239,1.000126
Boid6,9.411192,1.000126
Boid7,9.624619,1.000126
Boid8,9.455195,1.000126
Boid9,9.598598,1.000126
Boid10,9.526056,1.000126
Boid11,9.558486,1.000126
Boid12,10.27157,1.000126
Boid13,9.715361,1.000126
Boid14,9.145315,1.000126
Boid15,9.234607,1.000126
Boid16,6.608964,1.000126
Boid17,9.696603,1.000126
Boid18,9.430801,1.000126
Boid19,9.592824,1.000126
Boid0,8.307376,2.014665
Boid1,8.743888,2.014665
Boid2,8.565246,2.014665
Boid3,8.603437,2.014665
Boid4,8.77577,2.014665
Boid5,8.395175,2.014665
Boid6,8.089717,2.014665
Boid7,8.204906,2.014665
Boid8,8.432421,2.014665
Boid9,8.585405,2.014665
Boid10,8.722487,2.014665
Boid11,7.920805,2.014665
Boid12,8.654792,2.014665
Boid13,8.304208,2.014665
Boid14,7.894135,2.014665
Boid15,8.41081,2.014665
Boid16,7.388703,2.014665
Boid17,8.360083,2.014665
Boid18,8.756494,2.014665
Boid19,8.701559,2.014665
Boid0,8.210348,3.015438
Boid1,8.664595,3.015438
Boid2,8.070591,3.015438
Boid3,8.263104,3.015438
Boid4,9.0398,3.015438
Boid5,8.292467,3.015438
Boid6,8.289993,3.015438
Boid7,7.767167,3.015438
Boid8,7.58502,3.015438
Boid9,8.983059,3.015438
Boid10,7.825409,3.015438
Boid11,8.157515,3.015438
Boid12,8.944899,3.015438
Boid13,8.553338,3.015438
Boid14,8.057469,3.015438
Boid15,8.197709,3.015438
Boid16,10.52837,3.015438
Boid17,8.243917,3.015438
Boid18,8.664215,3.015438
Boid19,8.728214,3.015438
Boid0,12.57757,4.015866
Boid1,12.57942,4.015866
Boid2,12.5576,4.015866
Boid3,12.50192,4.015866
Boid4,12.34779,4.015866
Boid5,12.81505,4.015866
Boid6,12.11553,4.015866
Boid7,12.72049,4.015866
Boid8,12.94074,4.015866
Boid9,12.96067,4.015866
Boid10,12.55079,4.015866
Boid11,12.39745,4.015866
Boid12,12.44661,4.015866
Boid13,12.74493,4.015866
Boid14,12.7864,4.015866
Boid15,12.336,4.015866
Boid16,7.920677,4.015866
Boid17,12.92181,4.015866
Boid18,13.05587,4.015866
Boid19,12.45062,4.015866
Boid0,15.89525,5.017308
Boid1,17.39769,5.017308
Boid2,16.13422,5.017308
Boid3,16.52826,5.017308
Boid4,17.39041,5.017308
Boid5,16.39761,5.017308
Boid6,16.02298,5.017308
Boid7,15.78609,5.017308
Boid8,15.75919,5.017308
Boid9,16.36522,5.017308
Boid10,16.20917,5.017308
Boid11,16.25216,5.017308
Boid12,16.58801,5.017308
Boid13,16.16602,5.017308
Boid14,16.79251,5.017308
Boid15,15.72368,5.017308
Boid16,7.449133,5.017308
Boid17,16.09839,5.017308
Boid18,16.27002,5.017308
Boid19,16.49937,5.017308
Boid0,10.86746,6.018952
Boid1,10.66782,6.018952
Boid2,10.54988,6.018952
Boid3,10.63734,6.018952
Boid4,10.06964,6.018952
Boid5,10.68847,6.018952
Boid6,10.78901,6.018952
Boid7,10.55324,6.018952
Boid8,10.70725,6.018952
Boid9,10.47282,6.018952
Boid10,10.34055,6.018952
Boid11,10.49908,6.018952
Boid12,10.3723,6.018952
Boid13,10.49024,6.018952
Boid14,10.75527,6.018952
Boid15,10.69717,6.018952
Boid16,10.51022,6.018952
Boid17,10.57539,6.018952
Boid18,11.17689,6.018952
Boid19,10.14964,6.018952
Boid0,9.407309,7.020175
Boid1,9.853503,7.020175
Boid2,9.597038,7.020175
Boid3,9.314856,7.020175
Boid4,9.392798,7.020175
Boid5,9.786757,7.020175
Boid6,9.507021,7.020175
Boid7,9.619583,7.020175
Boid8,9.771078,7.020175
Boid9,9.576771,7.020175
Boid10,9.63382,7.020175
Boid11,9.69297,7.020175
Boid12,9.514753,7.020175
Boid13,9.893981,7.020175
Boid14,9.818459,7.020175
Boid15,9.193176,7.020175
Boid16,9.838706,7.020175
Boid17,9.807806,7.020175
Boid18,9.678651,7.020175
Boid19,9.466113,7.020175
Boid0,7.833455,1.001155
Boid1,8.721528,1.001155
Boid2,7.631848,1.001155
Boid3,8.90831,1.001155
Boid4,9.325914,1.001155
Boid5,7.043568,1.001155
Boid6,7.47919,1.001155
Boid7,8.237395,1.001155
Boid8,9.530398,1.001155
Boid9,9.143938,1.001155
Boid10,10.04019,1.001155
Boid11,9.096464,1.001155
Boid12,10.02413,1.001155
Boid13,6.807803,1.001155
Boid14,7.787986,1.001155
Boid15,8.398556,1.001155
Boid16,9.667887,1.001155
Boid17,9.409677,1.001155
Boid18,8.64954,1.001155
Boid19,9.148356,1.001155
Boid0,7.756594,2.001723
Boid1,8.222046,2.001723
Boid2,8.665154,2.001723
Boid3,7.692708,2.001723
Boid4,7.828006,2.001723
Boid5,8.397416,2.001723
Boid6,8.132103,2.001723
Boid7,7.458498,2.001723
Boid8,8.499236,2.001723
Boid9,8.438195,2.001723
Boid10,8.348059,2.001723
Boid11,8.186371,2.001723
Boid12,8.872681,2.001723
Boid13,7.480391,2.001723
Boid14,7.827076,2.001723
Boid15,8.089464,2.001723
Boid16,8.895672,2.001723
Boid17,8.739265,2.001723
Boid18,8.728809,2.001723
Boid19,8.244935,2.001723
Boid0,8.66844,3.002577
Boid1,8.602143,3.002577
Boid2,9.234564,3.002577
Boid3,8.706507,3.002577
Boid4,8.443836,3.002577
Boid5,8.874395,3.002577
Boid6,8.420903,3.002577
Boid7,8.197234,3.002577
Boid8,9.000288,3.002577
Boid9,8.379218,3.002577
Boid10,8.211587,3.002577
Boid11,8.515622,3.002577
Boid12,12.10292,3.002577
Boid13,8.599648,3.002577
Boid14,8.491465,3.002577
Boid15,8.428758,3.002577
Boid16,12.0666,3.002577
Boid17,9.200081,3.002577
Boid18,8.618133,3.002577
Boid19,8.592231,3.002577
Boid0,15.2842,4.003119
Boid1,15.19655,4.003119
Boid2,15.56884,4.003119
Boid3,15.06076,4.003119
Boid4,15.31952,4.003119
Boid5,8.729907,4.003119
Boid6,15.5622,4.003119
Boid7,15.09965,4.003119
Boid8,15.35427,4.003119
Boid9,15.31936,4.003119
Boid10,15.41037,4.003119
Boid11,15.13856,4.003119
Boid12,16.02816,4.003119
Boid13,15.15617,4.003119
Boid14,15.26092,4.003119
Boid15,15.1833,4.003119
Boid16,15.97088,4.003119
Boid17,15.38196,4.003119
Boid18,15.35205,4.003119
Boid19,15.22364,4.003119
